806.6140000000003,jute,Avoid irrigation
754.0009999999999,mango,Avoid irrigation
806.6140000000003,rice,Avoid irrigation
754.0009999999999,mango,Avoid irrigation
754.0009999999999,mango,Avoid irrigation
754.0009999999999,mango,Avoid irrigation
754.0009999999999,mango,Avoid irrigation
754.0009999999999,mango,Avoid irrigation
754.0009999999999,mango,Avoid irrigation
754.0009999999999,mango,Avoid irrigation
754.0009999999999,mango,Avoid irrigation
754.0009999999999,mango,Avoid irrigation
754.0009999999999,mango,Avoid irrigation
754.0009999999999,mango,Avoid irrigation
754.0009999999999,mango,Avoid irrigation
754.0009999999999,mango,Avoid irrigation
754.0009999999999,mango,Avoid irrigation
754.0009999999999,mango,Avoid irrigation
806.6140000000003,rice,Avoid irrigation
871.6759999999998,coffee,Avoid irrigation
754.0009999999999,maize,Avoid irrigation
754.0009999999999,maize,Avoid irrigation
656.6910000000003,maize,Avoid irrigation
656.6910000000003,maize,Avoid irrigation
814.2010000000013,rice,Avoid irrigation
814.2010000000013,rice,Avoid irrigation
872.287333333335,coffee,Avoid irrigation
814.2010000000013,rice,Avoid irrigation
832.2739999999982,rice,Avoid irrigation
775.1683333333322,jute,Avoid irrigation
465.8893333333329,mango,Avoid irrigation
465.8893333333329,mango,Avoid irrigation
1021.1106666666675,papaya,Avoid irrigation
800.4789999999995,jute,Avoid irrigation
819.0956666666675,jute,Avoid irrigation
306.7213333333332,mothbeans,Avoid irrigation
855.6126666666688,coffee,Avoid irrigation
1075.2206666666666,papaya,Avoid irrigation
1075.2206666666666,papaya
814.2010000000013,rice
814.2010000000013,rice
1075.2206666666666,papaya
800.4789999999995,rice
465.8893333333329,mango
465.8893333333329,mango
1026.9993706422879,papaya
635.7889111437579,coffee
425.47106697599605,mothbeans
500.83556342423157,mango
954.2238161201062,papaya
954.2238161201062,papaya
954.2238161201062,papaya
836.1308215442128,rice
500.83556342423157,mango
800.4789999999995,rice
814.2010000000013,rice
840.993333333333,rice
